seq,ip,sex(paid),age(paid),city(paid),wx_img(weixin),ip_province,ip_city,email,weixin_nickname,weixin_sex,weixin_addr,start,finish,browser,os,status,Q1,Q2_A1_open,Q3,Q4,Q5_A1,Q5_A2,Q5_A3,Q6,Q7,Q8,Q9,Q10_A1,Q10_A2,Q10_A3,Q10_A4,Q10_A5,Q10_A6,Q11,Q12
1,221.197.4.47,,,,,天津市,天津市,,,,, 2020-10-22 12:50:47, 2020-10-22 12:51:39,Unknown Browser,iPhone iOS 14.0.1,1,2,,1,2,1.0,0.0,1.0,1,2,2,,10.0,10.0,10.0,10.0,10.0,10.0,,1
2,73.134.227.105,,,,,马里兰,,,,,, 2020-10-22 12:47:23, 2020-10-22 12:54:06,Chrome 85.0.4183.121,Windows NT 10.0,1,1,,1,2,1.0,0.0,0.0,2,2,1,,8.0,9.0,7.0,1.0,1.0,3.0,,4
3,108.45.131.181,,,,,马里兰,,,,,, 2020-10-22 12:55:07, 2020-10-22 12:55:59,Unknown Browser,MacOS Macintosh X 10.15.5,1,2,,1,2,1.0,0.0,0.0,1,1,1,,8.0,10.0,6.0,5.0,2.0,1.0,,1
4,36.104.125.201,,,,,吉林省,,,,,, 2020-10-22 13:09:35, 2020-10-22 13:10:52,Unknown Browser,iPhone iOS 14.0.1,1,2,,1,2,1.0,0.0,0.0,2,2,2,,7.0,7.0,8.0,5.0,6.0,5.0,,3
5,223.104.3.28,,,,,北京市,北京市,,,,, 2020-10-22 13:11:41, 2020-10-22 13:12:34,Chrome 78.0.3904.62,Android Linux 10,1,2,,3,2,1.0,0.0,0.0,1,2,2,,9.0,8.0,9.0,8.0,8.0,8.0,,2
6,183.131.200.231,,,,,浙江省,金华市,,,,, 2020-10-22 13:10:05, 2020-10-22 13:12:34,Chrome 78.0.3904.62,Android Linux 10,1,2,,3,2,1.0,0.0,0.0,1,2,2,,8.0,9.0,10.0,6.0,6.0,7.0,,3
7,69.140.121.83,,,,,马里兰,,,,,, 2020-10-22 13:13:36, 2020-10-22 13:15:08,Unknown Browser,iPhone iOS 13.4.1,1,2,,1,2,1.0,0.0,0.0,1,2,1,,8.0,10.0,7.0,5.0,1.0,1.0,,4
8,68.33.74.27,,,,,马里兰,,,,,, 2020-10-22 13:13:27, 2020-10-22 13:15:14,Unknown Browser,iPhone iOS 13.3,1,2,,1,3,1.0,0.0,0.0,1,2,2,,10.0,10.0,10.0,1.0,7.0,4.0,,2
9,114.87.110.95,,,,,上海市,上海市,,,,, 2020-10-22 13:14:33, 2020-10-22 13:15:49,Unknown Browser,MacOS Macintosh X 10.15.6,1,2,,1,2,1.0,0.0,0.0,1,2,1,,10.0,9.0,9.0,8.0,7.0,7.0,,3
10,115.60.17.241,,,,,河南省,郑州市,,,,, 2020-10-22 13:16:28, 2020-10-22 13:18:01,Chrome 78.0.3904.62,Android Linux 10,1,1,,3,3,1.0,0.0,0.0,1,2,2,,7.0,8.0,8.0,2.0,8.0,7.0,,3
11,100.15.182.213,,,,,马里兰,,,,,, 2020-10-22 13:17:28, 2020-10-22 13:18:46,Unknown Browser,iPhone iOS 13.6,1,1,,2,3,1.0,0.0,0.0,1,2,1,,8.0,6.0,4.0,2.0,9.0,5.0,,2
12,223.104.66.60,,,,,广东省,东莞市,,,,, 2020-10-22 13:17:41, 2020-10-22 13:19:53,Unknown Browser,iPhone iOS 13.6,1,2,,3,2,1.0,0.0,0.0,1,2,2,,10.0,8.0,10.0,7.0,10.0,5.0,,1
13,210.13.84.164,,,,,上海市,上海市,,,,, 2020-10-22 13:21:08, 2020-10-22 13:21:48,Unknown Browser,iPhone iOS 14.0.1,1,1,,3,2,1.0,0.0,0.0,1,2,1,,9.0,8.0,9.0,7.0,8.0,8.0,,4
14,69.140.170.104,,,,,马里兰,,,,,, 2020-10-22 13:20:52, 2020-10-22 13:22:52,Unknown Browser,iPhone iOS 13.3,1,2,,1,2,1.0,0.0,0.0,2,2,2,,10.0,10.0,10.0,10.0,3.0,2.0,,1
15,101.247.128.61,,,,,山西省,太原市,,,,, 2020-10-22 13:22:34, 2020-10-22 13:24:16,Unknown Browser,iPhone iOS 14.0,1,2,,3,2,1.0,0.0,0.0,1,2,2,,10.0,10.0,10.0,1.0,1.0,4.0,,1
16,73.86.9.81,,,,,马里兰,,,,,, 2020-10-22 13:23:24, 2020-10-22 13:25:24,Unknown Browser,iPhone iOS 14.0.1,1,2,,3,2,1.0,0.0,1.0,1,2,1,,7.0,8.0,9.0,3.0,7.0,2.0,,1
17,27.204.242.112,,,,,山东省,枣庄市,,,,, 2020-10-22 13:25:07, 2020-10-22 13:25:33,Unknown Browser,iPhone iOS 13.7,1,1,,1,2,0.0,1.0,0.0,2,1,2,,3.0,7.0,7.0,3.0,7.0,3.0,,2
18,113.5.13.63,,,,,黑龙江省,哈尔滨市,,,,, 2020-10-22 13:27:01, 2020-10-22 13:28:14,Unknown Browser,iPhone iOS 13.7,1,1,,3,2,1.0,0.0,0.0,2,2,2,,7.0,9.0,10.0,6.0,8.0,7.0,,1
19,117.136.19.110,,,,,江苏省,无锡市,,,,, 2020-10-22 13:27:48, 2020-10-22 13:30:23,Unknown Browser,iPhone iOS 12.1.2,1,2,,3,2,0.0,0.0,1.0,1,2,2,,8.0,8.0,6.0,1.0,5.0,3.0,,4
20,73.134.227.105,,,,,马里兰,,,,,, 2020-10-22 14:10:35, 2020-10-22 14:11:38,Safari Line/10.17.0,iPhone iOS 14.0.1,1,1,,1,2,1.0,0.0,0.0,2,2,1,,10.0,9.0,10.0,7.0,9.0,1.0,,4
21,73.250.91.156,,,,,佛罗里达,,,,,, 2020-10-22 14:19:48, 2020-10-22 14:21:33,Unknown Browser,iPhone iOS 13.7,1,1,,1,1,1.0,0.0,0.0,1,2,1,,8.0,4.0,9.0,3.0,5.0,7.0,,4
22,61.158.146.108,,,,,河南省,洛阳市,,,,, 2020-10-22 14:52:01, 2020-10-22 14:53:18,Unknown Browser,iPhone iOS 13.6.1,1,2,,1,2,1.0,0.0,0.0,1,2,2,,8.0,10.0,7.0,6.0,7.0,8.0,,3
23,60.1.191.83,,,,,河北省,石家庄市,,,,, 2020-10-22 14:53:25, 2020-10-22 14:54:44,Unknown Browser,iPhone iOS 14.0.1,1,2,,3,2,1.0,0.0,0.0,2,2,2,,8.0,8.0,7.0,7.0,8.0,5.0,,2
24,117.12.85.185,,,,,天津市,天津市,,,,, 2020-10-22 15:05:08, 2020-10-22 15:06:27,Unknown Browser,iPhone iOS 13.6,1,2,,1,2,1.0,0.0,0.0,1,2,2,,7.0,6.0,9.0,5.0,8.0,6.0,,1
25,111.126.218.177,,,,,内蒙古自治区,呼和浩特市,,,,, 2020-10-22 15:54:54, 2020-10-22 15:57:00,Unknown Browser,iPhone iOS 13.7,1,2,,1,2,1.0,0.0,0.0,2,2,1,,8.0,8.0,8.0,9.0,5.0,1.0,,2
26,114.242.250.201,,,,,北京市,北京市,,,,, 2020-10-22 15:56:15, 2020-10-22 15:58:00,Unknown Browser,iPhone iOS 13.5.1,1,1,,3,3,1.0,0.0,0.0,1,2,2,,10.0,8.0,6.0,10.0,10.0,5.0,,4
27,113.122.116.119,,,,,山东省,东营市,,,,, 2020-10-22 16:18:14, 2020-10-22 16:19:31,Unknown Browser,iPhone iOS 13.5.1,1,2,,3,2,1.0,0.0,0.0,1,2,2,,9.0,9.0,7.0,5.0,5.0,5.0,,1
28,123.179.7.100,,,,,内蒙古自治区,呼和浩特市,,,,, 2020-10-22 16:25:13, 2020-10-22 16:26:23,Unknown Browser,iPhone iOS 14.0,1,1,,1,2,1.0,0.0,0.0,2,2,2,,7.0,7.0,10.0,5.0,10.0,9.0,,1
29,112.227.241.14,,,,,山东省,淄博市,,,,, 2020-10-22 16:43:23, 2020-10-22 16:45:54,Chrome 77.0.3865.120,Android Linux 9,1,1,,1,1,1.0,0.0,0.0,1,2,2,,10.0,8.0,5.0,6.0,8.0,2.0,,2
30,223.91.60.50,,,,,河南省,周口市,,,,, 2020-10-22 16:45:00, 2020-10-22 16:46:55,Unknown Browser,iPhone iOS 14.0.1,1,2,,1,2,1.0,0.0,0.0,2,2,2,,1.0,1.0,6.0,1.0,7.0,7.0,,1
31,222.138.237.128,,,,,河南省,洛阳市,,,,, 2020-10-22 17:01:09, 2020-10-22 17:02:29,Unknown Browser,iPhone iOS 13.6,1,2,,3,2,1.0,0.0,0.0,1,2,2,,6.0,6.0,6.0,6.0,7.0,7.0,,1
32,69.140.243.253,,,,,马里兰,,,,,, 2020-10-22 19:09:47, 2020-10-22 19:12:23,Unknown Browser,iPhone iOS 14.0.1,1,2,,1,2,1.0,0.0,0.0,1,2,2,,10.0,10.0,10.0,10.0,10.0,10.0,,1
33,172.58.190.175,,,,,马里兰,,,,,, 2020-10-22 22:03:27, 2020-10-22 22:06:27,Unknown Browser,iPhone iOS 13.7,1,2,,1,2,1.0,0.0,0.0,2,2,2,,6.0,8.0,9.0,10.0,5.0,3.0,,2
34,209.94.130.199,,,,,马萨诸塞,,,,,, 2020-10-22 22:34:34, 2020-10-22 22:36:50,Unknown Browser,iPhone iOS 14.1,1,1,,1,2,1.0,0.0,0.0,1,2,2,,7.0,6.0,6.0,5.0,4.0,1.0,,2
35,119.186.227.87,,,,,山东省,枣庄市,,,,, 2020-10-22 22:49:33, 2020-10-22 22:50:57,Unknown Browser,iPhone iOS 13.6,1,2,,1,2,1.0,0.0,0.0,1,2,1,,10.0,10.0,7.0,5.0,5.0,5.0,,4
36,69.251.122.110,,,,,华盛顿特区,华盛顿特区,,,,, 2020-10-23 00:06:08, 2020-10-23 00:08:28,Unknown Browser,iPhone iOS 13.2.3,1,2,,3,2,1.0,0.0,0.0,1,2,1,,6.0,9.0,10.0,1.0,7.0,2.0,,3
37,69.140.169.141,,,,,马里兰,,,,,, 2020-10-23 02:02:30, 2020-10-23 02:05:08,Unknown Browser,iPhone iOS 13.6.1,1,2,,1,2,1.0,0.0,0.0,2,2,1,,8.0,8.0,8.0,4.0,5.0,3.0,,3
38,69.140.170.104,,,,,马里兰,,,,,, 2020-10-23 02:18:19, 2020-10-23 02:19:26,Unknown Browser,MacOS Macintosh X 10.15.6,1,2,,3,2,1.0,0.0,0.0,1,2,2,,10.0,10.0,10.0,10.0,6.0,6.0,,4
39,69.140.169.0,,,,,马里兰,,,,,, 2020-10-23 05:56:49, 2020-10-23 05:58:25,Chrome 77.0.3865.120,Android Linux 10,1,2,,1,2,1.0,0.0,0.0,2,2,2,,7.0,9.0,9.0,7.0,7.0,7.0,,3
40,223.98.165.167,,,,,山东省,济南市,,,,, 2020-10-23 21:50:08, 2020-10-23 21:51:55,Unknown Browser,iPhone iOS 13.7,1,1,,2,2,1.0,0.0,0.0,1,2,1,,5.0,5.0,8.0,4.0,6.0,6.0,,1
41,36.24.31.162,,,,,浙江省,杭州市,,,,, 2020-11-02 14:50:18, 2020-11-02 14:52:45,Chrome 53.0.2875.116,Windows Wechat,1,2,22,3,2,1.0,1.0,1.0,2,2,2,8,4.0,5.0,8.0,5.0,2.0,2.0,3,1
42,120.36.95.99,,,,,福建省,福州市,,,,, 2020-11-02 14:55:32, 2020-11-02 14:56:45,Unknown Browser,iPhone iOS 12.1.4,1,1,25,1,2,1.0,0.0,0.0,1,2,2,4,8.0,9.0,9.0,7.0,5.0,5.0,2,1
43,1.202.142.186,,,,,北京市,北京市,,,,, 2020-11-02 14:54:51, 2020-11-02 14:57:48,Unknown Browser,iPhone iOS 13.6,1,2,21,1,2,1.0,0.0,0.0,2,2,2,5,7.0,7.0,9.0,3.0,7.0,6.0,3,3
44,36.27.15.253,,,,,浙江省,杭州市,,,,, 2020-11-02 17:00:32, 2020-11-02 17:04:41,Chrome 53.0.2875.116,Windows Wechat,1,2,24,2,2,0.0,0.0,1.0,2,2,1,7,10.0,10.0,10.0,10.0,10.0,10.0,6,3
45,122.234.230.251,,,,,浙江省,杭州市,,,,, 2020-11-02 22:43:28, 2020-11-02 22:44:42,Unknown Browser,iPhone iOS 13.6.1,1,2,22,3,2,1.0,0.0,0.0,2,2,1,8,6.0,4.0,7.0,5.0,4.0,5.0,3,3
46,69.140.243.70,,,,,马里兰,,,,,, 2020-11-03 11:03:57, 2020-11-03 11:05:33,Unknown Browser,iPhone iOS 14.0,1,1,20,1,1,1.0,0.0,0.0,2,2,2,10,10.0,5.0,10.0,1.0,5.0,0.0,1,3
47,117.62.10.75,,,,,江苏省,苏州市,,,,, 2020-11-03 11:07:40, 2020-11-03 11:09:20,Unknown Browser,iPhone iOS 13.5.1,1,2,24,1,1,1.0,0.0,0.0,1,2,2,10,0.0,0.0,10.0,0.0,0.0,0.0,3,4
48,223.104.193.121,,,,,山西省,,,,,, 2020-11-03 11:10:04, 2020-11-03 11:11:31,Unknown Browser,iPhone iOS 13.6.1,1,2,20,1,1,1.0,0.0,0.0,1,2,1,1,7.0,7.0,5.0,8.0,8.0,7.0,5,2
49,122.238.102.143,,,,,浙江省,嘉兴市,,,,, 2020-11-03 11:13:19, 2020-11-03 11:15:01,Unknown Browser,iPhone iOS 14.2,1,1,20,1,1,1.0,0.0,0.0,1,2,1,1,5.0,3.0,3.0,8.0,5.0,8.0,1,4
50,153.119.230.137,,,,,山东省,济南市,,,,, 2020-11-03 11:15:24, 2020-11-03 11:16:57,Unknown Browser,iPhone iOS 13.6,1,1,20,1,2,1.0,0.0,0.0,1,2,2,10,10.0,10.0,10.0,5.0,5.0,5.0,3,1
51,73.250.91.156,,,,,佛罗里达,,,,,, 2020-11-03 11:11:03, 2020-11-03 11:17:43,Unknown Browser,MacOS Macintosh X 10.15.6,1,1,20,1,1,1.0,0.0,0.0,1,2,1,10,8.0,6.0,9.0,3.0,3.0,7.0,3,4
52,73.128.88.149,,,,,马里兰,,,,,, 2020-11-03 11:17:44, 2020-11-03 11:19:53,Unknown Browser,iPhone iOS 14.0.1,1,2,20,1,1,1.0,0.0,0.0,1,2,2,10,8.0,7.0,10.0,8.0,8.0,7.0,3,3
53,69.251.122.196,,,,,华盛顿特区,华盛顿特区,,,,, 2020-11-03 11:20:19, 2020-11-03 11:22:05,Chrome 53.0.2875.116,Windows Wechat,1,1,21,1,1,1.0,0.0,0.0,1,2,2,1,10.0,9.0,10.0,8.0,8.0,5.0,1,3
54,111.40.27.138,,,,,黑龙江省,哈尔滨市,,,,, 2020-11-03 11:19:51, 2020-11-03 11:22:38,Unknown Browser,iPhone iOS 13.3.1,1,1,21,1,2,1.0,0.0,0.0,1,2,1,1,6.0,6.0,9.0,7.0,7.0,6.0,3,3
55,14.202.126.218,,,,,,,,,,, 2020-11-03 11:20:32, 2020-11-03 11:22:48,Unknown Browser,iPhone iOS 14.0.1,1,2,21,1,2,1.0,0.0,0.0,1,2,2,1,9.0,8.0,5.0,5.0,7.0,4.0,1,2
56,222.210.137.128,,,,,四川省,成都市,,,,, 2020-11-03 11:24:13, 2020-11-03 11:25:10,Unknown Browser,iPhone iOS 13.3,1,1,20,1,1,1.0,0.0,1.0,1,2,2,1,7.0,9.0,7.0,7.0,8.0,9.0,1,3
57,101.206.170.254,,,,,四川省,成都市,,,,, 2020-11-03 11:22:58, 2020-11-03 11:25:13,Unknown Browser,iPhone iOS 14.0.1,1,1,21,1,1,1.0,0.0,0.0,1,2,1,1,10.0,10.0,4.0,0.0,4.0,4.0,3,4
58,122.242.247.56,,,,,浙江省,金华市,,,,, 2020-11-03 11:26:41, 2020-11-03 11:28:14,Unknown Browser,MacOS Macintosh X 10.15.6,1,1,21,1,1,1.0,0.0,0.0,2,2,2,10,10.0,10.0,10.0,5.0,7.0,8.0,3,1
59,117.136.9.173,,,,,山东省,济南市,,,,, 2020-11-03 11:27:29, 2020-11-03 11:28:51,Unknown Browser,iPhone iOS 14.0.1,1,2,21,1,2,1.0,0.0,0.0,1,2,2,1,10.0,9.0,9.0,5.0,5.0,3.0,1,3
60,69.251.125.7,,,,,弗吉尼亚,,,,,, 2020-11-03 11:27:51, 2020-11-03 11:29:22,Unknown Browser,iPhone iOS 13.7,1,1,23,1,1,1.0,0.0,0.0,2,2,1,10,10.0,7.0,10.0,6.0,3.0,4.0,1,4
61,117.136.32.205,,,,,广东省,广州市,,,,, 2020-11-03 11:28:33, 2020-11-03 11:30:09,Unknown Browser,iPhone iOS 13.7,1,1,23,3,2,0.0,0.0,1.0,1,2,1,1,9.0,9.0,6.0,3.0,5.0,5.0,1,1
62,73.250.90.24,,,,,佛罗里达,,,,,, 2020-11-03 11:28:25, 2020-11-03 11:31:59,Unknown Browser,iPhone iOS 13.3,1,1,20,1,2,1.0,0.0,1.0,1,2,1,10,6.0,6.0,9.0,8.0,5.0,3.0,3,2
63,98.10.248.181,,,,,纽约,纽约,,,,, 2020-11-03 11:32:50, 2020-11-03 11:34:51,Unknown Browser,iPhone iOS 14.1,1,1,21,1,1,1.0,0.0,0.0,2,2,2,1,7.0,10.0,5.0,6.0,0.0,0.0,1,2
64,112.19.171.7,,,,,四川省,成都市,,,,, 2020-11-03 11:33:49, 2020-11-03 11:35:09,Unknown Browser,IPad iOS 14.0.1,1,2,21,1,2,1.0,0.0,0.0,1,3,2,1,8.0,8.0,7.0,6.0,8.0,8.0,1,3
65,110.184.46.57,,,,,四川省,成都市,,,,, 2020-11-03 11:34:38, 2020-11-03 11:36:25,Unknown Browser,iPhone iOS 14.0.1,1,2,19,1,2,1.0,0.0,0.0,1,2,1,1,10.0,10.0,8.0,7.0,6.0,6.0,2,3
66,122.45.123.143,,,,,,,,,,, 2020-11-03 11:23:15, 2020-11-03 11:37:04,Unknown Browser,iPhone iOS 14.0,1,2,20,1,1,1.0,0.0,0.0,1,2,1,2,8.0,8.0,8.0,0.0,0.0,5.0,1,4
67,223.104.66.103,,,,,广东省,东莞市,,,,, 2020-11-03 11:36:07, 2020-11-03 11:37:24,Unknown Browser,iPhone iOS 13.7,1,1,20,1,1,1.0,0.0,0.0,1,2,2,1,8.0,7.0,7.0,7.0,8.0,8.0,1,4
68,223.104.214.81,,,,,四川省,宜宾市,,,,, 2020-11-03 11:40:48, 2020-11-03 11:42:19,Unknown Browser,iPhone iOS 14.0,1,2,21,1,2,1.0,0.0,0.0,1,2,2,1,8.0,9.0,5.0,7.0,9.0,8.0,1,1
69,113.16.61.113,,,,,广西壮族自治区,南宁市,,,,, 2020-11-03 11:42:38, 2020-11-03 11:43:37,Unknown Browser,iPhone iOS 13.5.1,1,1,21,1,1,1.0,0.0,0.0,1,2,1,1,7.0,8.0,7.0,8.0,7.0,8.0,3,4
70,73.200.127.185,,,,,马里兰,,,,,, 2020-11-03 11:42:47, 2020-11-03 11:44:17,Unknown Browser,iPhone iOS 13.7,1,1,20,1,2,1.0,0.0,0.0,1,2,1,1,8.0,7.0,7.0,6.0,6.0,7.0,1,2
71,219.157.201.26,,,,,河南省,郑州市,,,,, 2020-11-03 11:43:56, 2020-11-03 11:45:31,Unknown Browser,iPhone iOS 14.1,1,2,21,1,2,1.0,0.0,0.0,1,2,2,1,9.0,9.0,9.0,5.0,7.0,6.0,5,2
72,66.44.61.217,,,,,华盛顿,,,,,, 2020-11-03 11:46:01, 2020-11-03 11:47:27,Chrome 53.0.2875.116,Windows Wechat,1,1,23,3,2,1.0,0.0,0.0,1,2,2,9,6.0,7.0,7.0,5.0,5.0,5.0,2,3
73,69.140.153.219,,,,,马里兰,,,,,, 2020-11-03 11:48:29, 2020-11-03 11:50:39,Unknown Browser,iPhone iOS 14.0.1,1,1,20,1,2,1.0,0.0,0.0,1,2,2,1,8.0,7.0,8.0,6.0,7.0,5.0,1,2
74,58.209.170.135,,,,,江苏省,苏州市,,,,, 2020-11-03 11:49:58, 2020-11-03 11:51:08,Unknown Browser,iPhone iOS 13.2.3,1,1,23,1,2,1.0,0.0,0.0,1,2,2,1,9.0,8.0,8.0,0.0,5.0,5.0,1,1
75,73.250.91.156,,,,,佛罗里达,,,,,, 2020-11-03 11:50:24, 2020-11-03 11:52:03,Unknown Browser,iPhone iOS 13.3,1,1,20,1,1,1.0,0.0,0.0,2,2,2,1,7.0,8.0,6.0,4.0,5.0,4.0,2,2
76,113.132.162.21,,,,,陕西省,西安市,,,,, 2020-11-03 11:49:41, 2020-11-03 11:52:13,Unknown Browser,iPhone iOS 13.6,1,2,21,1,1,1.0,0.0,0.0,1,2,1,1,7.0,9.0,5.0,6.0,3.0,5.0,2,4
77,69.140.155.23,,,,,马里兰,,,,,, 2020-11-03 11:49:35, 2020-11-03 11:52:26,Unknown Browser,iPhone iOS 14.1,1,2,25,3,2,1.0,0.0,0.0,2,2,1,3,7.0,8.0,9.0,8.0,6.0,5.0,3,1
78,116.178.232.161,,,,,新疆维吾尔自治区,乌鲁木齐市,,,,, 2020-11-03 11:51:42, 2020-11-03 11:54:45,Unknown Browser,iPhone iOS 13.7,1,2,19,1,2,1.0,0.0,0.0,2,2,1,1,8.0,8.0,10.0,2.0,5.0,0.0,3,3
79,202.200.225.30,,,,,陕西省,西安市,,,,, 2020-11-03 11:54:06, 2020-11-03 11:55:27,Unknown Browser,iPhone iOS 14.1,1,1,19,1,2,0.0,0.0,1.0,1,2,2,4,8.0,5.0,8.0,5.0,7.0,1.0,3,3
80,65.52.184.132,,,,,香港特别行政区,,,,,, 2020-11-03 11:55:19, 2020-11-03 11:57:01,Unknown Browser,MacOS Macintosh X 10.13.6,1,2,23,1,1,0.0,0.0,1.0,1,2,1,10,10.0,7.0,10.0,0.0,5.0,8.0,3,1
81,223.104.215.212,,,,,四川省,成都市,,,,, 2020-11-03 11:55:47, 2020-11-03 11:57:35,Unknown Browser,iPhone iOS 13.4.1,1,1,21,1,2,1.0,0.0,0.0,1,2,2,1,7.0,7.0,7.0,7.0,7.0,7.0,5,4
82,117.136.38.154,,,,,北京市,北京市,,,,, 2020-11-03 11:56:29, 2020-11-03 11:58:22,Unknown Browser,iPhone iOS 13.5.1,1,2,19,1,1,1.0,0.0,0.0,1,2,1,4,10.0,6.0,10.0,6.0,3.0,2.0,1,1
83,120.244.134.240,,,,,北京市,北京市,,,,, 2020-11-03 11:57:29, 2020-11-03 11:58:39,Chrome 77.0.3865.120,Android Linux 9,1,1,20,1,2,1.0,0.0,0.0,1,2,2,10,10.0,10.0,10.0,4.0,4.0,8.0,3,4
84,67.21.79.130,,,,,加利福尼亚,,,,,, 2020-11-03 11:54:47, 2020-11-03 11:59:22,Unknown Browser,iPhone iOS 14.1,1,1,23,3,3,1.0,0.0,0.0,1,2,2,1,10.0,10.0,8.0,10.0,8.0,8.0,1,3
85,112.17.236.71,,,,,浙江省,杭州市,,,,, 2020-11-03 11:55:20, 2020-11-03 11:59:33,Chrome 77.0.3865.120,Android Linux 10,1,2,22,1,1,0.0,0.0,1.0,2,2,2,1,7.0,8.0,8.0,7.0,5.0,3.0,3,2
86,110.185.91.200,,,,,四川省,成都市,,,,, 2020-11-03 12:01:08, 2020-11-03 12:02:11,Unknown Browser,iPhone iOS 14.1,1,1,20,1,1,0.0,0.0,1.0,1,2,2,1,8.0,8.0,8.0,8.0,8.0,8.0,3,1
87,112.224.19.131,,,,,山东省,济南市,,,,, 2020-11-03 12:00:20, 2020-11-03 12:02:41,Chrome 77.0.3865.120,Android Linux 10,1,1,19,1,1,1.0,0.0,0.0,2,2,1,10,9.0,6.0,9.0,7.0,6.0,6.0,3,1
88,124.129.137.10,,,,,山东省,青岛市,,,,, 2020-11-03 12:00:12, 2020-11-03 12:03:03,Unknown Browser,iPhone iOS 14.1,1,2,20,1,1,1.0,0.0,0.0,1,2,2,1,8.0,9.0,9.0,6.0,7.0,6.0,2,1
89,106.121.136.44,,,,,北京市,北京市,,,,, 2020-11-03 12:04:59, 2020-11-03 12:06:06,Chrome 77.0.3865.120,Android Linux 9,1,1,20,1,1,1.0,0.0,0.0,2,2,2,8,5.0,6.0,10.0,7.0,6.0,8.0,3,4
90,117.136.94.126,,,,,山东省,济南市,,,,, 2020-11-03 12:03:18, 2020-11-03 12:06:14,Chrome 78.0.3904.62,Android Linux 10,1,2,18,1,2,0.0,0.0,1.0,2,2,2,3,8.0,9.0,9.0,8.0,8.0,6.0,3,3
91,117.136.46.152,,,,,江苏省,南通市,,,,, 2020-11-03 12:03:04, 2020-11-03 12:06:33,Chrome 78.0.3904.62,Android Linux 10,1,1,19,1,2,1.0,0.0,0.0,2,2,2,9,7.0,6.0,10.0,8.0,2.0,5.0,1,2
92,120.245.102.229,,,,,北京市,北京市,,,,, 2020-11-03 11:59:16, 2020-11-03 12:07:11,Unknown Browser,MacOS Macintosh X 10.14.6,1,2,19,1,1,1.0,0.0,0.0,1,2,2,7,10.0,10.0,10.0,10.0,10.0,10.0,1,3
93,58.45.71.10,,,,,湖南省,株洲市,,,,, 2020-11-03 12:05:55, 2020-11-03 12:07:48,Unknown Browser,iPhone iOS 13.6,1,2,20,1,1,1.0,0.0,0.0,1,2,1,10,2.0,2.0,9.0,6.0,0.0,0.0,3,2
94,117.10.205.38,,,,,天津市,天津市,,,,, 2020-11-03 12:07:25, 2020-11-03 12:08:44,Unknown Browser,iPhone iOS 14.0,1,1,20,1,2,1.0,0.0,0.0,2,2,1,10,5.0,5.0,7.0,6.0,0.0,0.0,3,4
95,69.140.156.181,,,,,马里兰,,,,,, 2020-11-03 12:07:43, 2020-11-03 12:09:43,Unknown Browser,iPhone iOS 12.4.1,1,2,21,1,2,1.0,0.0,0.0,1,2,1,1,7.0,4.0,5.0,5.0,3.0,3.0,3,2
96,39.149.146.223,,,,,河南省,许昌市,,,,, 2020-11-03 12:09:16, 2020-11-03 12:10:13,Unknown Browser,iPhone iOS 13.6.1,1,2,19,1,3,1.0,0.0,0.0,1,2,1,2,10.0,8.0,8.0,8.0,9.0,8.0,3,3
97,117.136.93.172,,,,,山东省,济南市,,,,, 2020-11-03 12:08:58, 2020-11-03 12:11:20,Unknown Browser,iPhone iOS 14.1,1,1,20,1,1,1.0,0.0,0.0,1,2,2,3,7.0,5.0,9.0,8.0,3.0,3.0,3,4
98,73.128.88.149,,,,,马里兰,,,,,, 2020-11-03 12:09:52, 2020-11-03 12:12:12,Unknown Browser,iPhone iOS 14.0.1,1,1,20,1,1,1.0,0.0,0.0,1,2,2,10,1.0,1.0,10.0,1.0,1.0,3.0,3,4
99,175.153.162.246,,,,,四川省,成都市,,,,, 2020-11-03 12:10:35, 2020-11-03 12:12:13,Unknown Browser,iPhone iOS 14.0,1,2,20,1,2,1.0,0.0,0.0,1,2,2,1,9.0,7.0,9.0,8.0,8.0,9.0,3,4
100,216.164.60.235,,,,,马里兰,,,,,, 2020-11-03 12:11:04, 2020-11-03 12:12:15,Unknown Browser,iPhone iOS 14.1,1,2,21,1,1,0.0,0.0,1.0,1,2,1,1,0.0,0.0,10.0,0.0,0.0,0.0,3,2
101,24.126.7.20,,,,,西弗吉尼亚,,,,,, 2020-11-03 12:13:19, 2020-11-03 12:14:44,Unknown Browser,iPhone iOS 11.4,1,2,20,1,1,1.0,0.0,0.0,1,2,1,1,8.0,9.0,5.0,7.0,5.0,4.0,1,4
102,36.101.181.52,,,,,海南省,三亚市,,,,, 2020-11-03 12:12:20, 2020-11-03 12:14:50,Unknown Browser,iPhone iOS 13.7,1,2,20,1,1,1.0,0.0,0.0,1,2,2,7,7.0,5.0,7.0,5.0,5.0,3.0,3,3
103,24.114.109.47,,,,,魁北克,蒙特利尔,,,,, 2020-11-03 12:12:42, 2020-11-03 12:14:50,Unknown Browser,iPhone iOS 14.0.1,1,2,20,1,1,0.0,0.0,1.0,1,2,1,1,0.0,0.0,0.0,0.0,0.0,0.0,1,2
104,117.136.0.141,,,,,北京市,北京市,,,,, 2020-11-03 12:14:35, 2020-11-03 12:15:51,Chrome 77.0.3865.120,Android Linux 10,1,2,27,3,3,1.0,0.0,0.0,2,2,2,10,7.0,7.0,8.0,6.0,7.0,8.0,1,1
105,223.153.199.84,,,,,湖南省,张家界市,,,,, 2020-11-03 12:14:00, 2020-11-03 12:16:43,Unknown Browser,iPhone iOS 14.1,1,1,20,1,1,1.0,0.0,0.0,1,2,2,1,10.0,3.0,10.0,5.0,10.0,3.0,3,4
106,65.78.11.248,,,,,纽约,纽约,,,,, 2020-11-03 12:16:27, 2020-11-03 12:17:41,Unknown Browser,iPhone iOS 13.7,1,1,21,1,1,1.0,0.0,0.0,1,2,1,7,3.0,0.0,10.0,0.0,7.0,9.0,3,3
107,69.140.156.181,,,,,马里兰,,,,,, 2020-11-03 12:17:17, 2020-11-03 12:18:59,Unknown Browser,iPhone iOS 14.1,1,1,21,1,2,1.0,0.0,0.0,2,2,1,8,8.0,10.0,10.0,5.0,5.0,3.0,3,4
108,69.140.153.219,,,,,马里兰,,,,,, 2020-11-03 12:15:27, 2020-11-03 12:19:39,Chrome 77.0.3865.120,Android Linux 9,1,1,20,1,1,0.0,0.0,1.0,1,2,2,10,9.0,5.0,10.0,8.0,3.0,0.0,3,1
109,116.235.136.254,,,,,上海市,上海市,,,,, 2020-11-03 12:18:50, 2020-11-03 12:20:27,Unknown Browser,iPhone iOS 14.0.1,1,2,20,1,1,1.0,0.0,0.0,1,2,1,9,7.0,8.0,9.0,5.0,6.0,7.0,2,2
110,183.240.8.10,,,,,广东省,广州市,,,,, 2020-11-03 12:19:50, 2020-11-03 12:21:10,Unknown Browser,iPhone iOS 14.0.1,1,1,21,1,1,1.0,0.0,0.0,2,2,2,1,9.0,9.0,4.0,1.0,7.0,2.0,1,3
111,117.136.24.229,,,,,湖南省,长沙市,,,,, 2020-11-03 12:19:50, 2020-11-03 12:22:36,Unknown Browser,iPhone iOS 14.0.1,1,2,20,1,1,1.0,0.0,0.0,2,2,2,7,7.0,6.0,5.0,5.0,5.0,4.0,1,3
112,223.157.25.72,,,,,湖南省,娄底市,,,,, 2020-11-03 12:21:49, 2020-11-03 12:23:05,Unknown Browser,iPhone iOS 14.1,1,2,23,1,2,1.0,0.0,0.0,1,2,2,1,8.0,10.0,10.0,5.0,7.0,8.0,2,3
113,222.186.180.77,,,,,江苏省,镇江市,,,,, 2020-11-03 12:22:36, 2020-11-03 12:23:47,Unknown Browser,iPhone iOS 14.0.1,1,1,20,1,2,1.0,0.0,0.0,2,2,1,4,8.0,7.0,8.0,1.0,4.0,1.0,3,3
114,60.125.29.84,,,,,,,,,,, 2020-11-03 12:18:57, 2020-11-03 12:23:58,Unknown Browser,iPhone iOS 13.7,1,2,22,2,1,1.0,0.0,0.0,1,2,1,1,5.0,3.0,4.0,3.0,3.0,5.0,3,2
115,223.78.220.125,,,,,山东省,潍坊市,,,,, 2020-11-03 12:18:00, 2020-11-03 12:25:00,Chrome 53.0.2875.116,Windows Wechat,1,1,20,1,2,1.0,0.0,0.0,1,2,2,10,7.0,10.0,5.0,0.0,10.0,0.0,5,3
116,75.185.48.153,,,,,俄亥俄,,,,,, 2020-11-03 12:26:00, 2020-11-03 12:27:27,Unknown Browser,iPhone iOS 13.6,1,2,20,1,1,1.0,0.0,0.0,1,2,1,4,6.0,7.0,7.0,5.0,4.0,6.0,3,1
117,122.194.1.203,,,,,江苏省,南京市,,,,, 2020-11-03 12:26:48, 2020-11-03 12:29:13,Unknown Browser,iPhone iOS 14.1,1,1,19,2,2,1.0,0.0,0.0,1,2,2,4,10.0,10.0,5.0,5.0,10.0,5.0,5,3
118,223.73.72.129,,,,,广东省,珠海市,,,,, 2020-11-03 12:31:55, 2020-11-03 12:33:05,Chrome 77.0.3865.120,Android Linux 10,1,1,20,1,1,1.0,0.0,0.0,1,2,2,4,10.0,10.0,10.0,10.0,10.0,10.0,1,3
119,148.75.197.232,,,,,纽约,纽约,,,,, 2020-11-03 12:29:36, 2020-11-03 12:37:53,Unknown Browser,iPhone iOS 14.2,1,1,20,1,2,1.0,0.0,0.0,1,2,1,4,7.0,8.0,8.0,3.0,7.0,3.0,3,4
120,114.37.162.235,,,,,台湾省,,,,,, 2020-11-03 12:37:33, 2020-11-03 12:38:48,Unknown Browser,iPhone iOS 13.5.1,1,1,22,1,3,1.0,0.0,0.0,2,2,2,5,3.0,5.0,10.0,3.0,3.0,6.0,3,3
121,27.125.242.143,,,,,,,,,,, 2020-11-03 12:38:47, 2020-11-03 12:40:50,Unknown Browser,iPhone iOS 13.1.1,1,2,23,3,1,1.0,0.0,0.0,1,2,2,1,8.0,9.0,7.0,5.0,2.0,0.0,3,1
122,117.136.98.155,,,,,广西壮族自治区,柳州市,,,,, 2020-11-03 12:40:21, 2020-11-03 12:41:05,Chrome 77.0.3865.120,Android Linux 10,1,2,23,1,1,1.0,0.0,0.0,1,2,2,10,5.0,5.0,8.0,4.0,3.0,3.0,3,3
123,192.5.110.4,,,,,俄亥俄,,,,,, 2020-11-03 12:39:33, 2020-11-03 12:41:41,Unknown Browser,iPhone iOS 14.0.1,1,2,21,1,1,1.0,0.0,0.0,1,2,1,6,10.0,10.0,10.0,0.0,5.0,0.0,2,2
124,123.96.30.26,,,,,浙江省,舟山市,,,,, 2020-11-03 12:41:26, 2020-11-03 12:42:42,Chrome 77.0.3865.120,Android Linux 10,1,1,20,1,1,1.0,0.0,0.0,2,2,2,1,10.0,10.0,10.0,6.0,5.0,3.0,3,4
125,180.152.29.166,,,,,上海市,上海市,,,,, 2020-11-03 12:42:10, 2020-11-03 12:43:42,Unknown Browser,iPhone iOS 14.1,1,1,20,2,2,1.0,0.0,0.0,2,2,2,8,5.0,6.0,10.0,0.0,5.0,5.0,3,3
126,117.136.70.41,,,,,四川省,成都市,,,,, 2020-11-03 12:42:38, 2020-11-03 12:44:21,Unknown Browser,iPhone iOS 14.0,1,2,20,1,1,1.0,0.0,0.0,1,2,1,10,5.0,5.0,10.0,8.0,7.0,7.0,3,3
127,74.71.224.150,,,,,纽约,纽约,,,,, 2020-11-03 12:45:58, 2020-11-03 12:47:17,Unknown Browser,iPhone iOS 14.1,1,1,24,1,2,1.0,0.0,0.0,1,2,1,4,10.0,10.0,6.0,5.0,5.0,7.0,1,2
128,110.184.220.53,,,,,四川省,成都市,,,,, 2020-11-03 12:44:07, 2020-11-03 12:48:16,Unknown Browser,iPhone iOS 14.1,1,1,21,1,1,1.0,0.0,0.0,1,2,2,1,7.0,7.0,9.0,5.0,5.0,5.0,1,3
129,223.104.193.101,,,,,山西省,,,,,, 2020-11-03 12:47:01, 2020-11-03 12:49:04,Chrome 77.0.3865.120,Android Linux 9,1,2,21,1,2,1.0,0.0,0.0,2,2,2,2,9.0,7.0,8.0,6.0,6.0,5.0,1,3
130,69.140.154.129,,,,,马里兰,,,,,, 2020-11-03 12:50:26, 2020-11-03 12:52:58,Unknown Browser,iPhone iOS 14.1,1,1,20,1,1,1.0,0.0,0.0,1,2,1,1,8.0,7.0,8.0,9.0,8.0,8.0,6,3
131,66.44.36.246,,,,,华盛顿,,,,,, 2020-11-03 12:55:51, 2020-11-03 12:57:09,Unknown Browser,iPhone iOS 14.1,1,2,24,1,2,0.0,0.0,1.0,1,3,1,8,7.0,5.0,9.0,3.0,6.0,3.0,1,1
132,24.179.34.47,,,,,亚拉巴马,,,,,, 2020-11-03 12:59:52, 2020-11-03 13:01:53,Chrome 77.0.3865.120,Android Linux 9,1,1,26,3,3,0.0,0.0,1.0,1,2,1,9,8.0,8.0,10.0,7.0,6.0,6.0,3,3
133,24.181.231.237,,,,,马萨诸塞,,,,,, 2020-11-03 13:00:23, 2020-11-03 13:04:11,Chrome 78.0.3904.62,Android Linux 10,1,1,25,1,2,1.0,0.0,0.0,2,1,2,1,10.0,10.0,6.0,0.0,5.0,4.0,1,3
134,182.149.122.83,,,,,四川省,成都市,,,,, 2020-11-03 13:05:08, 2020-11-03 13:06:45,Unknown Browser,iPhone iOS 13.3,1,2,20,1,1,1.0,0.0,0.0,1,2,1,7,7.0,8.0,8.0,3.0,4.0,0.0,2,4
135,76.114.215.189,,,,,马里兰,,,,,, 2020-11-03 13:12:01, 2020-11-03 13:13:36,Safari 13.1.2,iPhone iOS 13.7,1,2,21,1,1,1.0,0.0,0.0,1,2,1,1,8.0,8.0,9.0,8.0,5.0,7.0,3,1
136,222.209.25.40,,,,,四川省,成都市,,,,, 2020-11-03 13:14:53, 2020-11-03 13:16:20,Unknown Browser,iPhone iOS 14.1,1,1,23,1,2,1.0,0.0,1.0,1,2,1,1,7.0,9.0,9.0,9.0,8.0,9.0,3,3
137,97.80.239.174,,,,,亚拉巴马,,,,,, 2020-11-03 13:22:48, 2020-11-03 13:23:40,Unknown Browser,iPhone iOS 14.0.1,1,1,20,1,1,1.0,0.0,0.0,1,2,2,1,10.0,10.0,10.0,10.0,10.0,10.0,1,2
138,101.88.76.56,,,,,上海市,上海市,,,,, 2020-11-03 13:52:23, 2020-11-03 13:54:06,Chrome 78.0.3904.62,Android Linux 10,1,1,20,1,1,1.0,0.0,0.0,1,2,2,10,5.0,5.0,10.0,7.0,4.0,0.0,3,2
139,175.167.130.121,,,,,辽宁省,沈阳市,,,,, 2020-11-03 13:54:44, 2020-11-03 13:56:09,Unknown Browser,iPhone iOS 14.1,1,2,20,1,1,1.0,0.0,0.0,1,2,2,1,3.0,2.0,5.0,2.0,3.0,1.0,3,4
140,119.103.118.127,,,,,湖北省,武汉市,,,,, 2020-11-03 14:02:40, 2020-11-03 14:03:51,Unknown Browser,iPhone iOS 14.0.1,1,1,20,1,1,1.0,0.0,0.0,1,2,1,10,10.0,10.0,10.0,10.0,10.0,10.0,3,1
141,120.21.16.4,,,,,维多利亚,墨尔本,,,,, 2020-11-03 14:05:01, 2020-11-03 14:07:19,Unknown Browser,iPhone iOS 13.3.1,1,2,20,1,2,1.0,1.0,1.0,1,2,2,6,8.0,8.0,8.0,1.0,5.0,2.0,3,1
142,175.153.162.246,,,,,四川省,成都市,,,,, 2020-11-03 14:10:21, 2020-11-03 14:12:30,Unknown Browser,iPhone iOS 14.0.1,1,2,21,1,1,1.0,0.0,1.0,2,2,2,1,8.0,8.0,7.0,8.0,9.0,6.0,1,3
143,60.186.223.5,,,,,浙江省,杭州市,,,,, 2020-11-03 14:12:04, 2020-11-03 14:13:39,Chrome 77.0.3865.120,Android Linux 10,1,1,19,1,1,1.0,0.0,0.0,1,2,2,1,9.0,9.0,7.0,7.0,9.0,8.0,1,2
144,180.111.41.238,,,,,江苏省,南京市,,,,, 2020-11-03 14:33:57, 2020-11-03 14:35:34,Unknown Browser,iPhone iOS 14.0.1,1,1,21,3,1,1.0,0.0,0.0,2,2,2,1,10.0,8.0,10.0,3.0,9.0,4.0,1,4
145,118.116.111.67,,,,,四川省,成都市,,,,, 2020-11-03 14:40:34, 2020-11-03 14:42:53,Unknown Browser,iPhone iOS 13.3,1,2,20,1,2,1.0,0.0,0.0,1,2,1,1,8.0,6.0,8.0,7.0,7.0,7.0,6,2
146,123.166.192.114,,,,,黑龙江省,哈尔滨市,,,,, 2020-11-03 14:38:05, 2020-11-03 14:48:47,Unknown Browser,iPhone iOS 14.0.1,1,2,20,1,2,0.0,0.0,1.0,1,2,2,10,6.0,10.0,10.0,5.0,8.0,7.0,3,1
147,160.13.106.92,,,,,,,,,,, 2020-11-03 14:59:53, 2020-11-03 15:01:26,Unknown Browser,iPhone iOS 14.1,1,1,20,1,1,1.0,0.0,0.0,1,2,1,10,7.0,7.0,9.0,5.0,5.0,6.0,3,3
148,101.86.55.101,,,,,上海市,上海市,,,,, 2020-11-03 15:10:06, 2020-11-03 15:11:29,Unknown Browser,iPhone iOS 14.0.1,1,1,19,1,2,1.0,0.0,0.0,2,2,1,1,8.0,8.0,7.0,5.0,7.0,3.0,1,1
149,114.242.248.77,,,,,北京市,北京市,,,,, 2020-11-03 15:41:59, 2020-11-03 15:43:36,Unknown Browser,iPhone iOS 14.0.1,1,2,20,1,2,1.0,0.0,0.0,1,2,1,10,7.0,7.0,8.0,7.0,5.0,5.0,1,3
150,42.233.93.88,,,,,河南省,信阳市,,,,, 2020-11-03 16:57:10, 2020-11-03 16:58:23,Unknown Browser,iPhone iOS 14.0,1,2,20,2,2,1.0,0.0,0.0,1,2,1,1,8.0,8.0,10.0,0.0,0.0,0.0,3,2
151,119.4.253.128,,,,,四川省,成都市,,,,, 2020-11-03 17:07:46, 2020-11-03 17:09:30,Unknown Browser,iPhone iOS 14.0.1,1,2,20,1,1,1.0,0.0,0.0,2,2,2,1,5.0,5.0,6.0,5.0,6.0,6.0,3,2
152,112.17.247.48,,,,,浙江省,杭州市,,,,, 2020-11-03 17:45:05, 2020-11-03 17:47:00,Unknown Browser,iPhone iOS 14.0.1,1,1,20,1,1,1.0,0.0,0.0,1,2,2,1,10.0,9.0,8.0,10.0,10.0,7.0,2,4
153,202.200.225.30,,,,,陕西省,西安市,,,,, 2020-11-03 17:50:14, 2020-11-03 17:51:57,Unknown Browser,iPhone iOS 13.6,1,1,19,1,2,1.0,0.0,0.0,1,3,2,4,9.0,2.0,6.0,1.0,4.0,4.0,1,3
154,119.44.61.182,,,,,湖南省,长沙市,,,,, 2020-11-03 18:09:42, 2020-11-03 18:11:43,Unknown Browser,IPad iOS 13.7,1,2,11,1,1,1.0,0.0,0.0,2,2,2,8,4.0,10.0,10.0,0.0,10.0,10.0,2,1
155,111.192.103.231,,,,,北京市,北京市,,,,, 2020-11-03 18:42:04, 2020-11-03 18:44:20,Unknown Browser,iPhone iOS 13.6,1,1,23,1,1,1.0,0.0,0.0,1,2,1,10,8.0,3.0,9.0,7.0,3.0,3.0,3,3
156,36.62.19.238,,,,,安徽省,阜阳市,,,,, 2020-11-03 20:42:24, 2020-11-03 20:44:08,Unknown Browser,MacOS Macintosh X 10.15.7,1,2,21,1,2,1.0,0.0,0.0,1,2,1,10,9.0,10.0,4.0,5.0,5.0,6.0,2,3
157,111.18.135.232,,,,,陕西省,西安市,,,,, 2020-11-03 20:46:39, 2020-11-03 20:49:10,Unknown Browser,iPhone iOS 13.7,1,2,22,1,1,1.0,0.0,0.0,1,2,1,9,8.0,8.0,10.0,8.0,6.0,6.0,3,2
158,98.231.178.136,,,,,弗吉尼亚,,,,,, 2020-11-03 20:47:01, 2020-11-03 20:52:50,Unknown Browser,iPhone iOS 14.0.1,1,2,24,1,2,1.0,0.0,0.0,2,2,1,3,8.0,9.0,8.0,8.0,9.0,8.0,2,1
159,183.197.55.108,,,,,河北省,沧州市,,,,, 2020-11-03 20:54:19, 2020-11-03 20:55:29,Unknown Browser,iPhone iOS 13.6,1,2,24,1,2,1.0,0.0,0.0,1,2,2,5,7.0,7.0,10.0,9.0,10.0,8.0,3,3
160,112.23.72.13,,,,,江苏省,无锡市,,,,, 2020-11-03 21:18:42, 2020-11-03 21:20:01,Unknown Browser,iPhone iOS 14.1,1,2,20,3,1,1.0,0.0,0.0,1,2,2,10,5.0,5.0,5.0,5.0,5.0,5.0,1,3
161,106.114.22.202,,,,,河北省,石家庄市,,,,, 2020-11-03 22:16:01, 2020-11-03 22:17:13,Unknown Browser,iPhone iOS 14.1,1,2,23,1,2,1.0,0.0,0.0,1,2,1,1,9.0,9.0,5.0,1.0,9.0,5.0,1,1
162,69.140.169.116,,,,,马里兰,,,,,, 2020-11-04 00:18:06, 2020-11-04 00:20:06,Unknown Browser,iPhone iOS 14.1,1,1,25,1,2,1.0,0.0,0.0,2,2,2,1,7.0,8.0,7.0,6.0,6.0,4.0,1,4
163,118.114.190.55,,,,,四川省,成都市,,,,, 2020-11-04 01:15:02, 2020-11-04 01:16:09,Unknown Browser,iPhone iOS 13.6,1,1,21,1,2,1.0,0.0,1.0,1,2,2,1,10.0,9.0,8.0,8.0,9.0,6.0,1,2
164,173.66.199.107,,,,,弗吉尼亚,,,,,, 2020-11-04 01:18:19, 2020-11-04 01:19:53,Unknown Browser,iPhone iOS 14.0.1,1,2,24,1,2,1.0,0.0,0.0,2,2,2,1,5.0,9.0,9.0,1.0,5.0,1.0,1,2
165,173.66.199.107,,,,,弗吉尼亚,,,,,, 2020-11-04 08:43:55, 2020-11-04 08:46:11,Unknown Browser,iPhone iOS 14.1,1,2,23,3,2,1.0,0.0,0.0,1,2,1,1,10.0,8.0,8.0,3.0,4.0,3.0,1,3
166,27.202.74.78,,,,,山东省,东营市,,,,, 2020-11-04 12:14:48, 2020-11-04 12:16:25,Unknown Browser,iPhone iOS 14.1,1,1,24,2,2,1.0,0.0,0.0,1,2,2,10,8.0,8.0,10.0,2.0,3.0,0.0,3,1
167,117.136.0.159,,,,,北京市,北京市,,,,, 2020-11-04 12:20:22, 2020-11-04 12:21:28,Chrome 78.0.3904.62,Android Linux 10,1,1,24,3,2,1.0,0.0,0.0,2,2,2,4,10.0,10.0,10.0,10.0,10.0,10.0,2,1
168,173.23.13.80,,,,,艾奥瓦,,,,,, 2020-11-04 12:21:31, 2020-11-04 12:22:36,Unknown Browser,iPhone iOS 14.1,1,2,16,1,2,1.0,0.0,1.0,2,2,2,1,8.0,8.0,10.0,8.0,0.0,0.0,3,1
169,27.125.240.196,,,,,,,,,,, 2020-11-04 12:22:21, 2020-11-04 12:23:26,Unknown Browser,iPhone iOS 14.0,1,2,23,1,1,1.0,0.0,0.0,1,2,2,1,5.0,5.0,5.0,5.0,5.0,5.0,1,4
170,124.160.216.203,,,,,浙江省,杭州市,,,,, 2020-11-04 12:22:23, 2020-11-04 12:25:33,Unknown Browser,iPhone iOS 14.1,1,2,25,3,1,1.0,0.0,1.0,2,2,2,8,10.0,8.0,8.0,8.0,9.0,7.0,1,2
171,117.136.68.175,,,,,江苏省,南通市,,,,, 2020-11-04 12:24:52, 2020-11-04 12:26:37,Unknown Browser,iPhone iOS 12.4.1,1,1,25,3,2,1.0,0.0,0.0,1,2,2,1,7.0,7.0,3.0,4.0,6.0,3.0,1,2
172,106.47.237.131,,,,,天津市,天津市,,,,, 2020-11-04 12:26:56, 2020-11-04 12:29:39,Chrome 77.0.3865.120,Android Linux 10,1,1,25,3,1,1.0,0.0,0.0,2,2,2,1,5.0,5.0,5.0,5.0,5.0,5.0,1,4
173,117.83.144.54,,,,,江苏省,苏州市,,,,, 2020-11-04 12:30:45, 2020-11-04 12:32:24,Unknown Browser,iPhone iOS 14.1,1,1,25,2,2,1.0,0.0,0.0,1,2,2,1,10.0,10.0,7.0,7.0,7.0,7.0,1,3
174,112.97.217.180,,,,,广东省,东莞市,,,,, 2020-11-04 12:30:11, 2020-11-04 12:33:23,Chrome 77.0.3865.120,Android Linux 10,1,1,24,3,2,0.0,1.0,0.0,2,2,2,1,6.0,7.0,7.0,7.0,5.0,3.0,1,4
175,223.104.228.53,,,,,,,,,,, 2020-11-04 12:28:26, 2020-11-04 12:33:38,Chrome 77.0.3865.120,Android Linux 9,1,2,24,3,1,1.0,0.0,0.0,1,2,2,8,8.0,9.0,10.0,6.0,7.0,7.0,3,2
176,223.104.212.62,,,,,上海市,上海市,,,,, 2020-11-04 12:33:43, 2020-11-04 12:35:23,Unknown Browser,iPhone iOS 14.1,1,2,25,3,2,1.0,0.0,0.0,1,2,1,1,10.0,10.0,8.0,4.0,4.0,4.0,1,1
177,39.89.184.201,,,,,山东省,青岛市,,,,, 2020-11-04 12:34:13, 2020-11-04 12:37:05,Unknown Browser,iPhone iOS 14.1,1,2,23,3,2,1.0,0.0,0.0,2,2,1,10,5.0,5.0,8.0,0.0,5.0,8.0,3,3
178,107.77.213.165,,,,,,,,,,, 2020-11-04 12:36:55, 2020-11-04 12:38:08,Unknown Browser,iPhone iOS 14.1,1,1,25,3,3,1.0,0.0,0.0,1,2,1,8,8.0,5.0,10.0,6.0,6.0,5.0,3,1
179,222.125.248.96,,,,,广东省,深圳市,,,,, 2020-11-04 12:35:28, 2020-11-04 12:40:37,Unknown Browser,iPhone iOS 14.1,1,1,24,1,2,1.0,0.0,1.0,1,2,2,8,7.0,7.0,10.0,0.0,2.0,5.0,3,3
180,223.104.2.42,,,,,山东省,青岛市,,,,, 2020-11-04 12:40:29, 2020-11-04 12:43:26,Chrome 78.0.3904.62,Android Linux 9,1,2,28,3,2,0.0,0.0,1.0,1,2,2,3,8.0,8.0,8.0,7.0,3.0,2.0,3,1
181,39.79.247.37,,,,,山东省,东营市,,,,, 2020-11-04 12:47:11, 2020-11-04 12:48:42,Unknown Browser,iPhone iOS 13.3,1,1,25,3,2,1.0,0.0,0.0,1,2,2,1,10.0,10.0,10.0,10.0,10.0,10.0,1,1
182,122.96.40.71,,,,,江苏省,南京市,,,,, 2020-11-04 12:48:49, 2020-11-04 12:51:54,Unknown Browser,iPhone iOS 13.6,1,2,23,3,2,0.0,0.0,1.0,1,2,2,1,8.0,6.0,7.0,4.0,5.0,3.0,1,3
183,223.104.147.44,,,,,江苏省,南京市,,,,, 2020-11-04 12:47:49, 2020-11-04 12:52:04,Unknown Browser,iPhone iOS 14.1,1,2,24,3,3,0.0,0.0,1.0,2,2,2,5,6.0,6.0,9.0,6.0,3.0,5.0,3,4
184,76.114.212.108,,,,,马里兰,,,,,, 2020-11-04 12:55:44, 2020-11-04 12:57:09,Unknown Browser,iPhone iOS 14.0.1,1,1,24,1,2,1.0,0.0,0.0,2,2,2,7,9.0,10.0,6.0,6.0,7.0,3.0,1,3
185,117.136.0.245,,,,,北京市,北京市,,,,, 2020-11-04 12:48:17, 2020-11-04 12:57:44,Unknown Browser,iPhone iOS 14.0.1,1,2,25,3,1,0.0,0.0,1.0,2,2,2,10,8.0,6.0,8.0,6.0,1.0,1.0,3,3
186,223.104.7.107,,,,,天津市,天津市,,,,, 2020-11-04 13:08:30, 2020-11-04 13:09:57,Unknown Browser,iPhone iOS 12.0,1,2,24,3,1,1.0,0.0,1.0,2,2,2,1,7.0,7.0,6.0,8.0,8.0,9.0,1,2
187,221.216.140.100,,,,,北京市,北京市,,,,, 2020-11-04 13:19:45, 2020-11-04 13:22:37,Chrome 77.0.3865.120,Android Linux 10,1,1,24,3,1,0.0,0.0,1.0,2,2,2,4,8.0,7.0,6.0,7.0,7.0,6.0,1,3
188,180.167.84.42,,,,,上海市,上海市,,,,, 2020-11-04 13:38:58, 2020-11-04 13:39:49,Unknown Browser,iPhone iOS 14.0.1,1,1,26,3,2,1.0,0.0,0.0,1,2,2,1,10.0,10.0,10.0,10.0,10.0,10.0,1,1
189,60.29.209.173,,,,,天津市,天津市,,,,, 2020-11-04 13:38:58, 2020-11-04 13:40:02,Unknown Browser,iPhone iOS 14.1,1,2,24,3,3,1.0,0.0,0.0,1,2,2,8,10.0,10.0,8.0,5.0,5.0,6.0,1,4
190,106.38.115.23,,,,,北京市,北京市,,,,, 2020-11-04 13:44:29, 2020-11-04 13:45:49,Unknown Browser,iPhone iOS 14.0,1,2,24,1,2,1.0,0.0,0.0,1,2,2,1,8.0,8.0,6.0,6.0,6.0,4.0,1,2
191,61.158.78.226,,,,,黑龙江省,牡丹江市,,,,, 2020-11-04 16:47:45, 2020-11-04 16:49:46,Chrome 78.0.3904.62,Android Linux 10,1,1,25,3,2,1.0,0.0,0.0,1,2,2,1,5.0,0.0,10.0,0.0,0.0,8.0,3,1
192,1.143.155.45,,,,,,,,,,, 2020-11-04 16:49:58, 2020-11-04 16:51:11,Unknown Browser,iPhone iOS 14.1,1,2,24,1,2,1.0,0.0,0.0,1,2,2,5,7.0,6.0,5.0,5.0,6.0,8.0,3,3
193,112.224.1.36,,,,,山东省,济南市,,,,, 2020-11-04 17:54:04, 2020-11-04 17:55:59,Unknown Browser,iPhone iOS 13.6,1,2,24,1,2,1.0,0.0,0.0,1,2,2,1,10.0,10.0,10.0,5.0,5.0,5.0,1,1
194,117.136.33.218,,,,,广东省,湛江市,,,,, 2020-11-04 17:58:55, 2020-11-04 18:00:04,Chrome 78.0.3904.62,Android Linux 10,1,1,24,1,3,0.0,1.0,0.0,1,2,2,1,10.0,9.0,7.0,5.0,4.0,9.0,1,1
195,117.136.0.170,,,,,北京市,北京市,,,,, 2020-11-04 20:10:56, 2020-11-04 20:12:00,Unknown Browser,iPhone iOS 14.0.1,1,2,21,1,1,1.0,0.0,0.0,2,2,2,1,8.0,8.0,8.0,8.0,8.0,7.0,1,2
196,58.59.89.238,,,,,山东省,威海市,,,,, 2020-11-04 20:10:58, 2020-11-04 20:12:41,Unknown Browser,iPhone iOS 14.1,1,2,27,3,3,1.0,1.0,0.0,1,2,2,3,8.0,7.0,8.0,6.0,7.0,7.0,3,1
197,71.104.45.130,,,,,加利福尼亚,,,,,, 2020-11-04 22:59:23, 2020-11-04 23:00:41,Unknown Browser,iPhone iOS 13.7,1,2,23,3,2,1.0,0.0,0.0,1,2,1,3,5.0,5.0,8.0,4.0,0.0,0.0,3,1
198,218.79.220.80,,,,,上海市,上海市,,,,, 2020-11-05 00:05:25, 2020-11-05 00:07:18,Unknown Browser,iPhone iOS 13.6,1,2,24,1,2,1.0,0.0,0.0,1,2,2,1,6.0,8.0,10.0,8.0,6.0,6.0,3,1
199,216.164.63.41,,,,,马里兰,,,,,, 2020-11-05 06:35:00, 2020-11-05 06:37:51,Chrome 78.0.3904.62,Android Linux 10,1,2,20,1,1,1.0,0.0,0.0,2,2,2,10,0.0,1.0,10.0,0.0,1.0,2.0,3,1
200,112.224.67.223,,,,,山东省,济南市,,,,, 2020-11-05 11:35:04, 2020-11-05 11:38:25,Unknown Browser,iPhone iOS 13.6,1,2,33,3,2,1.0,0.0,1.0,2,1,1,2,9.0,8.0,8.0,3.0,3.0,5.0,1,3
